<?xml version="1.0" encoding="utf-8" standalone="yes" ?>
<rss version="2.0" xmlns:atom="http://www.w3.org/2005/Atom">
  <channel>
    <title>Hugo on mtik00</title>
    <link>https://mtik00.com/categories/hugo/</link>
    <description>Recent content in Hugo on mtik00</description>
    <generator>Hugo -- gohugo.io</generator>
    <language>en-us</language>
    <lastBuildDate>Thu, 30 Jul 2015 15:39:23 -0600</lastBuildDate>
    <atom:link href="https://mtik00.com/categories/hugo/index.xml" rel="self" type="application/rss+xml" />
    
    <item>
      <title>Wordpress XML to Hugo MD</title>
      <link>https://mtik00.com/2015/07/wordpress-xml-to-hugo-md/</link>
      <pubDate>Thu, 30 Jul 2015 15:39:23 -0600</pubDate>
      
      <guid>https://mtik00.com/2015/07/wordpress-xml-to-hugo-md/</guid>
      <description>

&lt;p&gt;I&amp;rsquo;ve had a personal family blog in one form of another since 2002.  For the last 10 years, give or take, I used &lt;a href=&#34;https://wordpress.com/&#34;&gt;WordPress&lt;/a&gt;.  It&amp;rsquo;s a very fine and handy tool; especially for non-technical types.  That&amp;rsquo;s the real issue&amp;hellip; I&amp;rsquo;m a &lt;em&gt;technical type&lt;/em&gt;.  I started looking for something simpler, easier to maintain, and more secure.  That led me to &lt;em&gt;static site generators&lt;/em&gt;.&lt;/p&gt;

&lt;p&gt;I won&amp;rsquo;t go into the details, but there &lt;a href=&#34;http://lmgtfy.com/?q=static+site+generators&#34;&gt;are a few to choose from&lt;/a&gt;.  I settled on &lt;a href=&#34;http://gohugo.io/&#34;&gt;Hugo&lt;/a&gt;.  I was mainly interested in it because it seemed easy, was written in &lt;a href=&#34;http://golang.org/&#34;&gt;Go&lt;/a&gt;, and yes, it had a pretty website.&lt;/p&gt;

&lt;h1 id=&#34;the-conversion:689bb1f7ccd933f475db2ace11b77cea&#34;&gt;The Conversion&lt;/h1&gt;

&lt;p&gt;One of the many nice things about WordPress is the ability to export your site into XML (side note, I &lt;em&gt;loath&lt;/em&gt; XML).  There are some examples and script that do the conversion for you, but what fun would that be?  In the process, I learned that:&lt;/p&gt;

&lt;ol&gt;
&lt;li&gt;Most HTML is Markdown compliant (that is, Markdown &amp;ldquo;understands&amp;rdquo; it)&lt;/li&gt;
&lt;li&gt;It&amp;rsquo;s hard to tell an HTML-to-MD converter exactly how you want the HTML parsed.&lt;/li&gt;
&lt;/ol&gt;

&lt;p&gt;On to the script!  &lt;a href=&#34;https://gist.github.com/mtik00/75c8f555b49365395e32&#34;&gt;You can view the script here.&lt;/a&gt;.  I won&amp;rsquo;t go over it in gory detail, but here are the basics.&lt;/p&gt;

&lt;p&gt;WP exports everything, but I was only concerned with the post &lt;code&gt;body&lt;/code&gt;, the date it was published (&lt;code&gt;pubDate&lt;/code&gt;), the &lt;code&gt;category&lt;/code&gt;&amp;rsquo;s (I called them &lt;code&gt;tags&lt;/code&gt; in the script), the &lt;code&gt;title&lt;/code&gt;, and where it should go.  The last part took some predetermined knowledge of how I wanted my Hugo site to be set up (read &lt;a href=&#34;http://gohugo.io/extras/permalinks/&#34;&gt;&lt;code&gt;[permalinks]&lt;/code&gt;&lt;/a&gt;).  If you look at the exported XML file, there are &lt;em&gt;lots&lt;/em&gt; of metadata that I&amp;rsquo;m ignoring (YMMV).&lt;/p&gt;

&lt;p&gt;&lt;div class=&#34;highlight&#34; style=&#34;background: #272822&#34;&gt;&lt;pre style=&#34;line-height: 125%&#34;&gt;    &lt;span style=&#34;color: #f8f8f2&#34;&gt;tree&lt;/span&gt; &lt;span style=&#34;color: #f92672&#34;&gt;=&lt;/span&gt; &lt;span style=&#34;color: #f8f8f2&#34;&gt;ET&lt;/span&gt;&lt;span style=&#34;color: #f92672&#34;&gt;.&lt;/span&gt;&lt;span style=&#34;color: #f8f8f2&#34;&gt;parse(xml_path)&lt;/span&gt;
    &lt;span style=&#34;color: #f8f8f2&#34;&gt;channel&lt;/span&gt; &lt;span style=&#34;color: #f92672&#34;&gt;=&lt;/span&gt; &lt;span style=&#34;color: #f8f8f2&#34;&gt;tree&lt;/span&gt;&lt;span style=&#34;color: #f92672&#34;&gt;.&lt;/span&gt;&lt;span style=&#34;color: #f8f8f2&#34;&gt;find(&lt;/span&gt;&lt;span style=&#34;color: #e6db74&#34;&gt;&amp;quot;channel&amp;quot;&lt;/span&gt;&lt;span style=&#34;color: #f8f8f2&#34;&gt;)&lt;/span&gt;
    &lt;span style=&#34;color: #f8f8f2&#34;&gt;wp_version_check(channel)&lt;/span&gt;

    &lt;span style=&#34;color: #66d9ef&#34;&gt;for&lt;/span&gt; &lt;span style=&#34;color: #f8f8f2&#34;&gt;post&lt;/span&gt; &lt;span style=&#34;color: #f92672&#34;&gt;in&lt;/span&gt; &lt;span style=&#34;color: #f8f8f2&#34;&gt;channel&lt;/span&gt;&lt;span style=&#34;color: #f92672&#34;&gt;.&lt;/span&gt;&lt;span style=&#34;color: #f8f8f2&#34;&gt;findall(&lt;/span&gt;&lt;span style=&#34;color: #e6db74&#34;&gt;&amp;quot;item&amp;quot;&lt;/span&gt;&lt;span style=&#34;color: #f8f8f2&#34;&gt;):&lt;/span&gt;
        &lt;span style=&#34;color: #66d9ef&#34;&gt;print&lt;/span&gt; &lt;span style=&#34;color: #e6db74&#34;&gt;&amp;quot;post title:&amp;quot;&lt;/span&gt;&lt;span style=&#34;color: #f8f8f2&#34;&gt;,&lt;/span&gt; &lt;span style=&#34;color: #f8f8f2&#34;&gt;post&lt;/span&gt;&lt;span style=&#34;color: #f92672&#34;&gt;.&lt;/span&gt;&lt;span style=&#34;color: #f8f8f2&#34;&gt;find(&lt;/span&gt;&lt;span style=&#34;color: #e6db74&#34;&gt;&amp;quot;title&amp;quot;&lt;/span&gt;&lt;span style=&#34;color: #f8f8f2&#34;&gt;)&lt;/span&gt;&lt;span style=&#34;color: #f92672&#34;&gt;.&lt;/span&gt;&lt;span style=&#34;color: #f8f8f2&#34;&gt;text&lt;/span&gt;
&lt;/pre&gt;&lt;/div&gt;
&lt;/p&gt;

&lt;p&gt;WP puts all of the posts in a &amp;lt;channel&amp;gt; element.  Each post is located inside an &amp;lt;item&amp;gt; element.  So far, so good!  Now all we need to do is to loop through each item and grab the data we need.&lt;/p&gt;

&lt;p&gt;&lt;div class=&#34;highlight&#34; style=&#34;background: #272822&#34;&gt;&lt;pre style=&#34;line-height: 125%&#34;&gt;&lt;span style=&#34;color: #66d9ef&#34;&gt;def&lt;/span&gt; &lt;span style=&#34;color: #a6e22e&#34;&gt;wp_to_hugo_date&lt;/span&gt;&lt;span style=&#34;color: #f8f8f2&#34;&gt;(wp_date,&lt;/span&gt; &lt;span style=&#34;color: #f8f8f2&#34;&gt;tz_direction&lt;/span&gt;&lt;span style=&#34;color: #f92672&#34;&gt;=-&lt;/span&gt;&lt;span style=&#34;color: #ae81ff&#34;&gt;1&lt;/span&gt;&lt;span style=&#34;color: #f8f8f2&#34;&gt;):&lt;/span&gt;
    &lt;span style=&#34;color: #e6db74&#34;&gt;&amp;quot;&amp;quot;&amp;quot;Converts a UTC time string from the WordPress XML to a Hugo time string.&amp;quot;&amp;quot;&amp;quot;&lt;/span&gt;
    &lt;span style=&#34;color: #f8f8f2&#34;&gt;date&lt;/span&gt; &lt;span style=&#34;color: #f92672&#34;&gt;=&lt;/span&gt; &lt;span style=&#34;color: #f8f8f2&#34;&gt;time&lt;/span&gt;&lt;span style=&#34;color: #f92672&#34;&gt;.&lt;/span&gt;&lt;span style=&#34;color: #f8f8f2&#34;&gt;strptime(wp_date,&lt;/span&gt; &lt;span style=&#34;color: #e6db74&#34;&gt;&amp;quot;%a, %d %b %Y %H:%M:%S +0000&amp;quot;&lt;/span&gt;&lt;span style=&#34;color: #f8f8f2&#34;&gt;)&lt;/span&gt;
    &lt;span style=&#34;color: #f8f8f2&#34;&gt;date&lt;/span&gt; &lt;span style=&#34;color: #f92672&#34;&gt;=&lt;/span&gt; &lt;span style=&#34;color: #f8f8f2&#34;&gt;calendar&lt;/span&gt;&lt;span style=&#34;color: #f92672&#34;&gt;.&lt;/span&gt;&lt;span style=&#34;color: #f8f8f2&#34;&gt;timegm(date)&lt;/span&gt;
    &lt;span style=&#34;color: #f8f8f2&#34;&gt;ltime&lt;/span&gt; &lt;span style=&#34;color: #f92672&#34;&gt;=&lt;/span&gt; &lt;span style=&#34;color: #f8f8f2&#34;&gt;time&lt;/span&gt;&lt;span style=&#34;color: #f92672&#34;&gt;.&lt;/span&gt;&lt;span style=&#34;color: #f8f8f2&#34;&gt;localtime(date)&lt;/span&gt;
    &lt;span style=&#34;color: #f8f8f2&#34;&gt;date&lt;/span&gt; &lt;span style=&#34;color: #f92672&#34;&gt;=&lt;/span&gt; &lt;span style=&#34;color: #f8f8f2&#34;&gt;time&lt;/span&gt;&lt;span style=&#34;color: #f92672&#34;&gt;.&lt;/span&gt;&lt;span style=&#34;color: #f8f8f2&#34;&gt;strftime(&lt;/span&gt;&lt;span style=&#34;color: #e6db74&#34;&gt;&amp;quot;%Y-%m-%dT%H:%M:%S&amp;quot;&lt;/span&gt;&lt;span style=&#34;color: #f8f8f2&#34;&gt;,&lt;/span&gt; &lt;span style=&#34;color: #f8f8f2&#34;&gt;ltime)&lt;/span&gt;

    &lt;span style=&#34;color: #f8f8f2&#34;&gt;date&lt;/span&gt; &lt;span style=&#34;color: #f92672&#34;&gt;+=&lt;/span&gt; &lt;span style=&#34;color: #e6db74&#34;&gt;&amp;quot;%+03i:00&amp;quot;&lt;/span&gt; &lt;span style=&#34;color: #f92672&#34;&gt;%&lt;/span&gt; &lt;span style=&#34;color: #f8f8f2&#34;&gt;(((time&lt;/span&gt;&lt;span style=&#34;color: #f92672&#34;&gt;.&lt;/span&gt;&lt;span style=&#34;color: #f8f8f2&#34;&gt;timezone&lt;/span&gt; &lt;span style=&#34;color: #f92672&#34;&gt;/&lt;/span&gt; &lt;span style=&#34;color: #ae81ff&#34;&gt;3600&lt;/span&gt;&lt;span style=&#34;color: #f8f8f2&#34;&gt;)&lt;/span&gt; &lt;span style=&#34;color: #f92672&#34;&gt;-&lt;/span&gt; &lt;span style=&#34;color: #f8f8f2&#34;&gt;(&lt;/span&gt;&lt;span style=&#34;color: #ae81ff&#34;&gt;1&lt;/span&gt; &lt;span style=&#34;color: #f92672&#34;&gt;*&lt;/span&gt; &lt;span style=&#34;color: #f8f8f2&#34;&gt;ltime&lt;/span&gt;&lt;span style=&#34;color: #f92672&#34;&gt;.&lt;/span&gt;&lt;span style=&#34;color: #f8f8f2&#34;&gt;tm_isdst))&lt;/span&gt; &lt;span style=&#34;color: #f92672&#34;&gt;*&lt;/span&gt; &lt;span style=&#34;color: #f8f8f2&#34;&gt;tz_direction)&lt;/span&gt;
    &lt;span style=&#34;color: #66d9ef&#34;&gt;return&lt;/span&gt; &lt;span style=&#34;color: #f8f8f2&#34;&gt;ltime,&lt;/span&gt; &lt;span style=&#34;color: #f8f8f2&#34;&gt;date&lt;/span&gt;
&lt;/pre&gt;&lt;/div&gt;
&lt;/p&gt;

&lt;p&gt;I&amp;rsquo;m using this function to convert the &lt;code&gt;pubDate&lt;/code&gt; from WordPress to the format that Hugo uses.  Nothing real special here, although I&amp;rsquo;m sure there&amp;rsquo;s a much better way to calculate the time zone.  The string-formatted &lt;code&gt;pubDate&lt;/code&gt; will go into the posts front matter, and I parse &lt;code&gt;ltime&lt;/code&gt; to figure out where the post should go.&lt;/p&gt;

&lt;p&gt;That&amp;rsquo;s the basics.  I ran this script on my entire WordPress XML dump (only 90+ pages, nothing too big).  It created all of the Markdown posts full of HTML.  It was up to me to then go in and adjust some of the HTML so it was rendered a little better by Hugo.  Most of my time spent was on downloading images, checking them into Git, and reworking the gallery posts to use my new template (which is awesome, because now I can use &lt;code&gt;{{ gallery path/to/gallery/folder }}&lt;/code&gt; in my markdown).&lt;/p&gt;

&lt;p&gt;The point is, however, I was able to have a fully functioning port of my WordPress blog to Hugo in a matter of hours (the script only took a second to run).  Woot!&lt;/p&gt;
</description>
    </item>
    
  </channel>
</rss>